[
	{"ID": "440044", "main_genre": "マンガ", "title": "思春期と本気セックス", "circle": "ひまわり花火", "price_data": {"time": ["2024-02-29", "2024-02-29"], "dlsite": ["None", "231"], "fanza": ["231", "231"]}, "main_tags": ["ごっくん・食ザー", "口内射精", "フェラ", "純愛", "スクール水着", "幼なじみ", "イチオシ", "和姦", "後背位・バック", "学生", "処女", "正常位"], "historyData": {"beforelast": "", "lastmonth": {"log": {"2460370": {"site": "2", "code": "RJ01160268", "price": "231", "amount": "363", "time_ymd": "2024-02-29", "campaign": "", "amount_diff": "0", "value": "0"}}, "price_sum": "0", "amount_sum": "0"}, "thismonth": {"log": {"2460392": {"site": "1", "code": "d_351870", "price": "231", "amount": "25280", "time_ymd": "2024-03-22", "campaign": "", "amount_diff": "791", "value": "182721"}, "2460391": {"site": "1", "code": "d_351870", "price": "231", "amount": "24815", "time_ymd": "2024-03-21", "campaign": "", "amount_diff": "856", "value": "197736"}, "2460390": {"site": "1", "code": "d_351870", "price": "231", "amount": "24239", "time_ymd": "2024-03-20", "campaign": "", "amount_diff": "551", "value": "127281"}, "2460389": {"site": "1", "code": "d_351870", "price": "231", "amount": "23885", "time_ymd": "2024-03-19", "campaign": "", "amount_diff": "488", "value": "112728"}, "2460388": {"site": "1", "code": "d_351870", "price": "231", "amount": "23583", "time_ymd": "2024-03-18", "campaign": "", "amount_diff": "823", "value": "190113"}, "2460387": {"site": "1", "code": "d_351870", "price": "231", "amount": "23000", "time_ymd": "2024-03-17", "campaign": "", "amount_diff": "1013", "value": "234003"}, "2460386": {"site": "1", "code": "d_351870", "price": "231", "amount": "22248", "time_ymd": "2024-03-16", "campaign": "", "amount_diff": "823", "value": "190113"}, "2460385": {"site": "1", "code": "d_351870", "price": "231", "amount": "21716", "time_ymd": "2024-03-15", "campaign": "", "amount_diff": "784", "value": "181104"}, "2460384": {"site": "1", "code": "d_351870", "price": "231", "amount": "21222", "time_ymd": "2024-03-14", "campaign": "", "amount_diff": "842", "value": "194502"}, "2460383": {"site": "1", "code": "d_351870", "price": "231", "amount": "20611", "time_ymd": "2024-03-13", "campaign": "", "amount_diff": "963", "value": "222453"}, "2460382": {"site": "1", "code": "d_351870", "price": "231", "amount": "19908", "time_ymd": "2024-03-12", "campaign": "", "amount_diff": "1276", "value": "294756"}, "2460381": {"site": "1", "code": "d_351870", "price": "231", "amount": "18955", "time_ymd": "2024-03-11", "campaign": "", "amount_diff": "2103", "value": "485793"}, "2460380": {"site": "1", "code": "d_351870", "price": "231", "amount": "17214", "time_ymd": "2024-03-10", "campaign": "", "amount_diff": "1908", "value": "440748"}, "2460379": {"site": "1", "code": "d_351870", "price": "231", "amount": "15752", "time_ymd": "2024-03-09", "campaign": "", "amount_diff": "1873", "value": "432663"}, "2460378": {"site": "1", "code": "d_351870", "price": "231", "amount": "14408", "time_ymd": "2024-03-08", "campaign": "", "amount_diff": "1457", "value": "336567"}, "2460377": {"site": "1", "code": "d_351870", "price": "231", "amount": "13339", "time_ymd": "2024-03-07", "campaign": "", "amount_diff": "1471", "value": "339801"}, "2460376": {"site": "1", "code": "d_351870", "price": "231", "amount": "12239", "time_ymd": "2024-03-06", "campaign": "", "amount_diff": "1663", "value": "384153"}, "2460375": {"site": "1", "code": "d_351870", "price": "231", "amount": "11011", "time_ymd": "2024-03-05", "campaign": "", "amount_diff": "2015", "value": "465465"}, "2460374": {"site": "1", "code": "d_351870", "price": "231", "amount": "9516", "time_ymd": "2024-03-04", "campaign": "", "amount_diff": "2976", "value": "687456"}, "2460373": {"site": "1", "code": "d_351870", "price": "231", "amount": "7295", "time_ymd": "2024-03-03", "campaign": "", "amount_diff": "3067", "value": "708477"}, "2460372": {"site": "1", "code": "d_351870", "price": "231", "amount": "5322", "time_ymd": "2024-03-02", "campaign": "", "amount_diff": "3694", "value": "853314"}, "2460371": {"site": "1", "code": "d_351870", "price": "231", "amount": "3145", "time_ymd": "2024-03-01", "campaign": "", "amount_diff": "3481", "value": "804111"}}, "price_sum": "8066058", "amount_sum": "34918"}, "30days": {"log": {"2460392": {"site": "1", "code": "d_351870", "price": "231", "amount": "25280", "time_ymd": "2024-03-22", "campaign": "", "amount_diff": "791", "value": "182721"}, "2460391": {"site": "1", "code": "d_351870", "price": "231", "amount": "24815", "time_ymd": "2024-03-21", "campaign": "", "amount_diff": "856", "value": "197736"}, "2460390": {"site": "1", "code": "d_351870", "price": "231", "amount": "24239", "time_ymd": "2024-03-20", "campaign": "", "amount_diff": "551", "value": "127281"}, "2460389": {"site": "1", "code": "d_351870", "price": "231", "amount": "23885", "time_ymd": "2024-03-19", "campaign": "", "amount_diff": "488", "value": "112728"}, "2460388": {"site": "1", "code": "d_351870", "price": "231", "amount": "23583", "time_ymd": "2024-03-18", "campaign": "", "amount_diff": "823", "value": "190113"}, "2460387": {"site": "1", "code": "d_351870", "price": "231", "amount": "23000", "time_ymd": "2024-03-17", "campaign": "", "amount_diff": "1013", "value": "234003"}, "2460386": {"site": "1", "code": "d_351870", "price": "231", "amount": "22248", "time_ymd": "2024-03-16", "campaign": "", "amount_diff": "823", "value": "190113"}, "2460385": {"site": "1", "code": "d_351870", "price": "231", "amount": "21716", "time_ymd": "2024-03-15", "campaign": "", "amount_diff": "784", "value": "181104"}, "2460384": {"site": "1", "code": "d_351870", "price": "231", "amount": "21222", "time_ymd": "2024-03-14", "campaign": "", "amount_diff": "842", "value": "194502"}, "2460383": {"site": "1", "code": "d_351870", "price": "231", "amount": "20611", "time_ymd": "2024-03-13", "campaign": "", "amount_diff": "963", "value": "222453"}, "2460382": {"site": "1", "code": "d_351870", "price": "231", "amount": "19908", "time_ymd": "2024-03-12", "campaign": "", "amount_diff": "1276", "value": "294756"}, "2460381": {"site": "1", "code": "d_351870", "price": "231", "amount": "18955", "time_ymd": "2024-03-11", "campaign": "", "amount_diff": "2103", "value": "485793"}, "2460380": {"site": "1", "code": "d_351870", "price": "231", "amount": "17214", "time_ymd": "2024-03-10", "campaign": "", "amount_diff": "1908", "value": "440748"}, "2460379": {"site": "1", "code": "d_351870", "price": "231", "amount": "15752", "time_ymd": "2024-03-09", "campaign": "", "amount_diff": "1873", "value": "432663"}, "2460378": {"site": "1", "code": "d_351870", "price": "231", "amount": "14408", "time_ymd": "2024-03-08", "campaign": "", "amount_diff": "1457", "value": "336567"}, "2460377": {"site": "1", "code": "d_351870", "price": "231", "amount": "13339", "time_ymd": "2024-03-07", "campaign": "", "amount_diff": "1471", "value": "339801"}, "2460376": {"site": "1", "code": "d_351870", "price": "231", "amount": "12239", "time_ymd": "2024-03-06", "campaign": "", "amount_diff": "1663", "value": "384153"}, "2460375": {"site": "1", "code": "d_351870", "price": "231", "amount": "11011", "time_ymd": "2024-03-05", "campaign": "", "amount_diff": "2015", "value": "465465"}, "2460374": {"site": "1", "code": "d_351870", "price": "231", "amount": "9516", "time_ymd": "2024-03-04", "campaign": "", "amount_diff": "2976", "value": "687456"}, "2460373": {"site": "1", "code": "d_351870", "price": "231", "amount": "7295", "time_ymd": "2024-03-03", "campaign": "", "amount_diff": "3067", "value": "708477"}, "2460372": {"site": "1", "code": "d_351870", "price": "231", "amount": "5322", "time_ymd": "2024-03-02", "campaign": "", "amount_diff": "3694", "value": "853314"}, "2460371": {"site": "1", "code": "d_351870", "price": "231", "amount": "3145", "time_ymd": "2024-03-01", "campaign": "", "amount_diff": "3481", "value": "804111"}, "2460370": {"site": "1", "code": "d_351870", "price": "231", "amount": "931", "time_ymd": "2024-02-29", "campaign": "", "amount_diff": "0", "value": "0"}}, "price_sum": "8066058", "amount_sum": "34918"}}, "extra_info": {"Rank": "14", "Sales": "14551"}},
	{"ID": "420768", "main_genre": "マンガ", "title": "音無花の災難[絶頂リフレ(二次創作本)]", "circle": "ぽちたろ", "price_data": {"time": ["2024-01-01", "2024-01-01", "2024-02-15", "2024-02-16", "2024-03-11", "2024-03-15", "2024-03-22"], "dlsite": ["None", "110", "220", "110", "110", "220", "143"], "fanza": ["110", "110", "110", "110", "220", "220", "220"]}, "main_tags": ["連続絶頂", "潮吹き", "パイパン", "巨乳", "メイド", "ウェイトレス", "オナニー", "コスプレ", "女性視点", "羞恥", "ロングヘア"], "historyData": {"beforelast": {"log": {"2460341": {"site": "2", "code": "RJ01138002", "price": "110", "amount": "14531", "time_ymd": "2024-01-31", "campaign": "", "amount_diff": "642", "value": "70620"}, "2460340": {"site": "2", "code": "RJ01138002", "price": "110", "amount": "14263", "time_ymd": "2024-01-30", "campaign": "", "amount_diff": "616", "value": "67760"}, "2460339": {"site": "2", "code": "RJ01138002", "price": "110", "amount": "13979", "time_ymd": "2024-01-29", "campaign": "", "amount_diff": "804", "value": "88440"}, "2460338": {"site": "2", "code": "RJ01138002", "price": "110", "amount": "13540", "time_ymd": "2024-01-28", "campaign": "", "amount_diff": "1052", "value": "115720"}, "2460337": {"site": "2", "code": "RJ01138002", "price": "110", "amount": "12958", "time_ymd": "2024-01-27", "campaign": "", "amount_diff": "1131", "value": "124410"}, "2460336": {"site": "2", "code": "RJ01138002", "price": "110", "amount": "12306", "time_ymd": "2024-01-26", "campaign": "", "amount_diff": "528", "value": "58080"}, "2460335": {"site": "2", "code": "RJ01138002", "price": "110", "amount": "12092", "time_ymd": "2024-01-25", "campaign": "", "amount_diff": "515", "value": "56650"}, "2460334": {"site": "2", "code": "RJ01138002", "price": "110", "amount": "11883", "time_ymd": "2024-01-24", "campaign": "", "amount_diff": "570", "value": "62700"}, "2460333": {"site": "2", "code": "RJ01138002", "price": "110", "amount": "11583", "time_ymd": "2024-01-23", "campaign": "", "amount_diff": "555", "value": "61050"}, "2460332": {"site": "2", "code": "RJ01138002", "price": "110", "amount": "11297", "time_ymd": "2024-01-22", "campaign": "", "amount_diff": "674", "value": "74140"}, "2460331": {"site": "2", "code": "RJ01138002", "price": "110", "amount": "10939", "time_ymd": "2024-01-21", "campaign": "", "amount_diff": "590", "value": "64900"}, "2460330": {"site": "2", "code": "RJ01138002", "price": "110", "amount": "10617", "time_ymd": "2024-01-20", "campaign": "", "amount_diff": "587", "value": "64570"}, "2460329": {"site": "2", "code": "RJ01138002", "price": "110", "amount": "10266", "time_ymd": "2024-01-19", "campaign": "", "amount_diff": "546", "value": "60060"}, "2460328": {"site": "2", "code": "RJ01138002", "price": "110", "amount": "9958", "time_ymd": "2024-01-18", "campaign": "", "amount_diff": "642", "value": "70620"}, "2460327": {"site": "2", "code": "RJ01138002", "price": "110", "amount": "9598", "time_ymd": "2024-01-17", "campaign": "", "amount_diff": "522.5", "value": "57475"}, "2460326": {"site": "2", "code": "RJ01138002", "price": "110", "amount": "9325", "time_ymd": "2024-01-16", "campaign": "", "amount_diff": "631.5", "value": "69465"}, "2460325": {"site": "2", "code": "RJ01138002", "price": "110", "amount": "8943", "time_ymd": "2024-01-15", "campaign": "", "amount_diff": "856", "value": "94160"}, "2460324": {"site": "2", "code": "RJ01138002", "price": "110", "amount": "8441", "time_ymd": "2024-01-14", "campaign": "", "amount_diff": "895", "value": "98450"}, "2460323": {"site": "2", "code": "RJ01138002", "price": "110", "amount": "7963", "time_ymd": "2024-01-13", "campaign": "", "amount_diff": "675", "value": "74250"}, "2460322": {"site": "2", "code": "RJ01138002", "price": "110", "amount": "7602", "time_ymd": "2024-01-12", "campaign": "", "amount_diff": "796", "value": "87560"}, "2460321": {"site": "2", "code": "RJ01138002", "price": "110", "amount": "7270", "time_ymd": "2024-01-11", "campaign": "", "amount_diff": "703.5", "value": "77385"}, "2460320": {"site": "2", "code": "RJ01138002", "price": "110", "amount": "6929", "time_ymd": "2024-01-10", "campaign": "", "amount_diff": "718.5", "value": "79035"}, "2460319": {"site": "2", "code": "RJ01138002", "price": "110", "amount": "6573", "time_ymd": "2024-01-09", "campaign": "", "amount_diff": "927", "value": "101970"}, "2460318": {"site": "2", "code": "RJ01138002", "price": "110", "amount": "6001", "time_ymd": "2024-01-08", "campaign": "", "amount_diff": "1264", "value": "139040"}, "2460317": {"site": "2", "code": "RJ01138002", "price": "110", "amount": "5267", "time_ymd": "2024-01-07", "campaign": "", "amount_diff": "1887", "value": "207570"}, "2460316": {"site": "2", "code": "RJ01138002", "price": "110", "amount": "4172", "time_ymd": "2024-01-06", "campaign": "", "amount_diff": "2934", "value": "322740"}, "2460315": {"site": "2", "code": "RJ01138002", "price": "110", "amount": "2474", "time_ymd": "2024-01-05", "campaign": "", "amount_diff": "942", "value": "103620"}, "2460314": {"site": "2", "code": "RJ01138002", "price": "110", "amount": "2041", "time_ymd": "2024-01-04", "campaign": "", "amount_diff": "1128", "value": "124080"}, "2460313": {"site": "2", "code": "RJ01138002", "price": "110", "amount": "1563", "time_ymd": "2024-01-03", "campaign": "", "amount_diff": "1267", "value": "139370"}, "2460312": {"site": "2", "code": "RJ01138002", "price": "110", "amount": "1005", "time_ymd": "2024-01-02", "campaign": "", "amount_diff": "1555", "value": "171050"}, "2460311": {"site": "2", "code": "RJ01138002", "price": "110", "amount": "473", "time_ymd": "2024-01-01", "campaign": "", "amount_diff": "0", "value": "0"}}, "price_sum": "2986940", "amount_sum": "27154"}, "lastmonth": {"log": {"2460370": {"site": "2", "code": "RJ01138002", "price": "110", "amount": "23487", "time_ymd": "2024-02-29", "campaign": "", "amount_diff": "607", "value": "66770"}, "2460369": {"site": "2", "code": "RJ01138002", "price": "110", "amount": "23236", "time_ymd": "2024-02-28", "campaign": "", "amount_diff": "524", "value": "57640"}, "2460368": {"site": "2", "code": "RJ01138002", "price": "110", "amount": "23007", "time_ymd": "2024-02-27", "campaign": "", "amount_diff": "609", "value": "66990"}, "2460367": {"site": "2", "code": "RJ01138002", "price": "110", "amount": "22753", "time_ymd": "2024-02-26", "campaign": "", "amount_diff": "767", "value": "84370"}, "2460366": {"site": "2", "code": "RJ01138002", "price": "110", "amount": "22429", "time_ymd": "2024-02-25", "campaign": "", "amount_diff": "717", "value": "78870"}, "2460365": {"site": "2", "code": "RJ01138002", "price": "110", "amount": "22156", "time_ymd": "2024-02-24", "campaign": "", "amount_diff": "928", "value": "102080"}, "2460364": {"site": "2", "code": "RJ01138002", "price": "110", "amount": "21794", "time_ymd": "2024-02-23", "campaign": "", "amount_diff": "786", "value": "86460"}, "2460363": {"site": "2", "code": "RJ01138002", "price": "110", "amount": "21481", "time_ymd": "2024-02-22", "campaign": "", "amount_diff": "678", "value": "74580"}, "2460362": {"site": "2", "code": "RJ01138002", "price": "110", "amount": "21172", "time_ymd": "2024-02-21", "campaign": "", "amount_diff": "810", "value": "89100"}, "2460361": {"site": "2", "code": "RJ01138002", "price": "110", "amount": "20801", "time_ymd": "2024-02-20", "campaign": "", "amount_diff": "897", "value": "98670"}, "2460360": {"site": "2", "code": "RJ01138002", "price": "110", "amount": "20356", "time_ymd": "2024-02-19", "campaign": "", "amount_diff": "738", "value": "81180"}, "2460359": {"site": "2", "code": "RJ01138002", "price": "110", "amount": "20065", "time_ymd": "2024-02-18", "campaign": "", "amount_diff": "824", "value": "90640"}, "2460358": {"site": "2", "code": "RJ01138002", "price": "110", "amount": "19741", "time_ymd": "2024-02-17", "campaign": "", "amount_diff": "760", "value": "83600"}, "2460357": {"site": "2", "code": "RJ01138002", "price": "110", "amount": "19465", "time_ymd": "2024-02-16", "campaign": "", "amount_diff": "709", "value": "77990"}, "2460356": {"site": "2", "code": "RJ01138002", "price": "220", "amount": "19251", "time_ymd": "2024-02-15", "campaign": "", "amount_diff": "639", "value": "70290"}, "2460355": {"site": "2", "code": "RJ01138002", "price": "110", "amount": "19059", "time_ymd": "2024-02-14", "campaign": "", "amount_diff": "774", "value": "85140"}, "2460354": {"site": "2", "code": "RJ01138002", "price": "110", "amount": "18680", "time_ymd": "2024-02-13", "campaign": "", "amount_diff": "716", "value": "78760"}, "2460353": {"site": "2", "code": "RJ01138002", "price": "110", "amount": "18358", "time_ymd": "2024-02-12", "campaign": "", "amount_diff": "938", "value": "103180"}, "2460352": {"site": "2", "code": "RJ01138002", "price": "110", "amount": "18014", "time_ymd": "2024-02-11", "campaign": "", "amount_diff": "846", "value": "93060"}, "2460351": {"site": "2", "code": "RJ01138002", "price": "110", "amount": "17665", "time_ymd": "2024-02-10", "campaign": "", "amount_diff": "829", "value": "91190"}, "2460350": {"site": "2", "code": "RJ01138002", "price": "110", "amount": "17333", "time_ymd": "2024-02-09", "campaign": "", "amount_diff": "807", "value": "88770"}, "2460349": {"site": "2", "code": "RJ01138002", "price": "110", "amount": "17058", "time_ymd": "2024-02-08", "campaign": "", "amount_diff": "727", "value": "79970"}, "2460348": {"site": "2", "code": "RJ01138002", "price": "110", "amount": "16823", "time_ymd": "2024-02-07", "campaign": "", "amount_diff": "828", "value": "91080"}, "2460347": {"site": "2", "code": "RJ01138002", "price": "110", "amount": "16557", "time_ymd": "2024-02-06", "campaign": "", "amount_diff": "867", "value": "95370"}, "2460346": {"site": "2", "code": "RJ01138002", "price": "110", "amount": "16230", "time_ymd": "2024-02-05", "campaign": "", "amount_diff": "1022", "value": "112420"}, "2460345": {"site": "2", "code": "RJ01138002", "price": "110", "amount": "15844", "time_ymd": "2024-02-04", "campaign": "", "amount_diff": "969", "value": "106590"}, "2460344": {"site": "2", "code": "RJ01138002", "price": "110", "amount": "15459", "time_ymd": "2024-02-03", "campaign": "", "amount_diff": "721", "value": "79310"}, "2460343": {"site": "2", "code": "RJ01138002", "price": "110", "amount": "15140", "time_ymd": "2024-02-02", "campaign": "", "amount_diff": "638", "value": "70180"}, "2460342": {"site": "2", "code": "RJ01138002", "price": "110", "amount": "14820", "time_ymd": "2024-02-01", "campaign": "", "amount_diff": "634", "value": "69740"}}, "price_sum": "2453990", "amount_sum": "22309"}, "thismonth": {"log": {"2460392": {"site": "1", "code": "d_329670", "price": "220", "amount": "32814", "time_ymd": "2024-03-22", "campaign": "", "amount_diff": "409", "value": "76197"}, "2460391": {"site": "1", "code": "d_329670", "price": "220", "amount": "32584", "time_ymd": "2024-03-21", "campaign": "", "amount_diff": "520", "value": "114400"}, "2460390": {"site": "1", "code": "d_329670", "price": "220", "amount": "32338", "time_ymd": "2024-03-20", "campaign": "", "amount_diff": "520", "value": "114400"}, "2460389": {"site": "1", "code": "d_329670", "price": "220", "amount": "32097", "time_ymd": "2024-03-19", "campaign": "", "amount_diff": "330", "value": "72600"}, "2460388": {"site": "1", "code": "d_329670", "price": "220", "amount": "31965", "time_ymd": "2024-03-18", "campaign": "", "amount_diff": "430", "value": "94600"}, "2460387": {"site": "1", "code": "d_329670", "price": "220", "amount": "31765", "time_ymd": "2024-03-17", "campaign": "", "amount_diff": "417", "value": "91740"}, "2460386": {"site": "1", "code": "d_329670", "price": "220", "amount": "31586", "time_ymd": "2024-03-16", "campaign": "", "amount_diff": "371", "value": "81620"}, "2460385": {"site": "1", "code": "d_329670", "price": "220", "amount": "31407", "time_ymd": "2024-03-15", "campaign": "", "amount_diff": "436", "value": "67760"}, "2460384": {"site": "1", "code": "d_329670", "price": "220", "amount": "31227", "time_ymd": "2024-03-14", "campaign": "", "amount_diff": "499", "value": "77000"}, "2460383": {"site": "1", "code": "d_329670", "price": "220", "amount": "31026", "time_ymd": "2024-03-13", "campaign": "", "amount_diff": "475", "value": "71390"}, "2460382": {"site": "1", "code": "d_329670", "price": "220", "amount": "30852", "time_ymd": "2024-03-12", "campaign": "", "amount_diff": "562", "value": "85690"}, "2460381": {"site": "1", "code": "d_329670", "price": "220", "amount": "30635", "time_ymd": "2024-03-11", "campaign": "", "amount_diff": "733", "value": "80630"}, "2460380": {"site": "1", "code": "d_329670", "price": "110", "amount": "30266", "time_ymd": "2024-03-10", "campaign": "", "amount_diff": "744", "value": "81840"}, "2460379": {"site": "1", "code": "d_329670", "price": "110", "amount": "29936", "time_ymd": "2024-03-09", "campaign": "", "amount_diff": "649", "value": "71390"}, "2460378": {"site": "1", "code": "d_329670", "price": "110", "amount": "29640", "time_ymd": "2024-03-08", "campaign": "", "amount_diff": "618", "value": "67980"}, "2460377": {"site": "1", "code": "d_329670", "price": "110", "amount": "29356", "time_ymd": "2024-03-07", "campaign": "", "amount_diff": "642", "value": "70620"}, "2460376": {"site": "1", "code": "d_329670", "price": "110", "amount": "29093", "time_ymd": "2024-03-06", "campaign": "", "amount_diff": "646", "value": "71060"}, "2460375": {"site": "1", "code": "d_329670", "price": "110", "amount": "28803", "time_ymd": "2024-03-05", "campaign": "", "amount_diff": "601", "value": "66110"}, "2460374": {"site": "1", "code": "d_329670", "price": "110", "amount": "28537", "time_ymd": "2024-03-04", "campaign": "", "amount_diff": "759", "value": "83490"}, "2460373": {"site": "1", "code": "d_329670", "price": "110", "amount": "28151", "time_ymd": "2024-03-03", "campaign": "", "amount_diff": "888", "value": "97680"}, "2460372": {"site": "1", "code": "d_329670", "price": "110", "amount": "27697", "time_ymd": "2024-03-02", "campaign": "", "amount_diff": "852", "value": "93720"}, "2460371": {"site": "1", "code": "d_329670", "price": "110", "amount": "27204", "time_ymd": "2024-03-01", "campaign": "", "amount_diff": "608", "value": "66880"}}, "price_sum": "1798797", "amount_sum": "12709"}, "30days": {"log": {"2460392": {"site": "1", "code": "d_329670", "price": "220", "amount": "32814", "time_ymd": "2024-03-22", "campaign": "", "amount_diff": "409", "value": "76197"}, "2460391": {"site": "1", "code": "d_329670", "price": "220", "amount": "32584", "time_ymd": "2024-03-21", "campaign": "", "amount_diff": "520", "value": "114400"}, "2460390": {"site": "1", "code": "d_329670", "price": "220", "amount": "32338", "time_ymd": "2024-03-20", "campaign": "", "amount_diff": "520", "value": "114400"}, "2460389": {"site": "1", "code": "d_329670", "price": "220", "amount": "32097", "time_ymd": "2024-03-19", "campaign": "", "amount_diff": "330", "value": "72600"}, "2460388": {"site": "1", "code": "d_329670", "price": "220", "amount": "31965", "time_ymd": "2024-03-18", "campaign": "", "amount_diff": "430", "value": "94600"}, "2460387": {"site": "1", "code": "d_329670", "price": "220", "amount": "31765", "time_ymd": "2024-03-17", "campaign": "", "amount_diff": "417", "value": "91740"}, "2460386": {"site": "1", "code": "d_329670", "price": "220", "amount": "31586", "time_ymd": "2024-03-16", "campaign": "", "amount_diff": "371", "value": "81620"}, "2460385": {"site": "1", "code": "d_329670", "price": "220", "amount": "31407", "time_ymd": "2024-03-15", "campaign": "", "amount_diff": "436", "value": "67760"}, "2460384": {"site": "1", "code": "d_329670", "price": "220", "amount": "31227", "time_ymd": "2024-03-14", "campaign": "", "amount_diff": "499", "value": "77000"}, "2460383": {"site": "1", "code": "d_329670", "price": "220", "amount": "31026", "time_ymd": "2024-03-13", "campaign": "", "amount_diff": "475", "value": "71390"}, "2460382": {"site": "1", "code": "d_329670", "price": "220", "amount": "30852", "time_ymd": "2024-03-12", "campaign": "", "amount_diff": "562", "value": "85690"}, "2460381": {"site": "1", "code": "d_329670", "price": "220", "amount": "30635", "time_ymd": "2024-03-11", "campaign": "", "amount_diff": "733", "value": "80630"}, "2460380": {"site": "1", "code": "d_329670", "price": "110", "amount": "30266", "time_ymd": "2024-03-10", "campaign": "", "amount_diff": "744", "value": "81840"}, "2460379": {"site": "1", "code": "d_329670", "price": "110", "amount": "29936", "time_ymd": "2024-03-09", "campaign": "", "amount_diff": "649", "value": "71390"}, "2460378": {"site": "1", "code": "d_329670", "price": "110", "amount": "29640", "time_ymd": "2024-03-08", "campaign": "", "amount_diff": "618", "value": "67980"}, "2460377": {"site": "1", "code": "d_329670", "price": "110", "amount": "29356", "time_ymd": "2024-03-07", "campaign": "", "amount_diff": "642", "value": "70620"}, "2460376": {"site": "1", "code": "d_329670", "price": "110", "amount": "29093", "time_ymd": "2024-03-06", "campaign": "", "amount_diff": "646", "value": "71060"}, "2460375": {"site": "1", "code": "d_329670", "price": "110", "amount": "28803", "time_ymd": "2024-03-05", "campaign": "", "amount_diff": "601", "value": "66110"}, "2460374": {"site": "1", "code": "d_329670", "price": "110", "amount": "28537", "time_ymd": "2024-03-04", "campaign": "", "amount_diff": "759", "value": "83490"}, "2460373": {"site": "1", "code": "d_329670", "price": "110", "amount": "28151", "time_ymd": "2024-03-03", "campaign": "", "amount_diff": "888", "value": "97680"}, "2460372": {"site": "1", "code": "d_329670", "price": "110", "amount": "27697", "time_ymd": "2024-03-02", "campaign": "", "amount_diff": "852", "value": "93720"}, "2460371": {"site": "1", "code": "d_329670", "price": "110", "amount": "27204", "time_ymd": "2024-03-01", "campaign": "", "amount_diff": "608", "value": "66880"}, "2460370": {"site": "1", "code": "d_329670", "price": "110", "amount": "26851", "time_ymd": "2024-02-29", "campaign": "", "amount_diff": "607", "value": "66770"}, "2460369": {"site": "1", "code": "d_329670", "price": "110", "amount": "26495", "time_ymd": "2024-02-28", "campaign": "", "amount_diff": "524", "value": "57640"}, "2460368": {"site": "1", "code": "d_329670", "price": "110", "amount": "26200", "time_ymd": "2024-02-27", "campaign": "", "amount_diff": "609", "value": "66990"}, "2460367": {"site": "1", "code": "d_329670", "price": "110", "amount": "25845", "time_ymd": "2024-02-26", "campaign": "", "amount_diff": "767", "value": "84370"}, "2460366": {"site": "1", "code": "d_329670", "price": "110", "amount": "25402", "time_ymd": "2024-02-25", "campaign": "", "amount_diff": "717", "value": "78870"}, "2460365": {"site": "1", "code": "d_329670", "price": "110", "amount": "24958", "time_ymd": "2024-02-24", "campaign": "", "amount_diff": "928", "value": "102080"}, "2460364": {"site": "1", "code": "d_329670", "price": "110", "amount": "24392", "time_ymd": "2024-02-23", "campaign": "", "amount_diff": "786", "value": "86460"}, "2460363": {"site": "1", "code": "d_329670", "price": "110", "amount": "23919", "time_ymd": "2024-02-22", "campaign": "", "amount_diff": "678", "value": "74580"}, "2460362": {"site": "1", "code": "d_329670", "price": "110", "amount": "23550", "time_ymd": "2024-02-21", "campaign": "", "amount_diff": "815", "value": "89650"}}, "price_sum": "2506207", "amount_sum": "19140"}}, "extra_info": {"Rank": "15", "Sales": "15520"}}
]