[
	{
		"ID": "446225",
		"main_genre": "ゲーム",
		"title": "ヤチヨノキヅナ",
		"circle": "露草亭",
		"price_data": {
			"time": [
				"2024-03-19"
			],
			"dlsite": [
				1584
			],
			"fanza": []
		},
		"main_tags": [
			"強制・無理矢理",
			"巨乳",
			"陵辱",
			"ホラー",
			"感動",
			"女主人公",
			"レズ"
		],
		"historyData": {
			"beforelast": "",
			"lastmonth": "",
			"thismonth": {
				"log": {
					"2460391": {
						"site": "2",
						"code": "RJ01121859",
						"price": "1584",
						"amount": "3743",
						"time_ymd": "2024-03-21",
						"campaign": "",
						"amount_diff": "1159",
						"value": "1835856"
					},
					"2460390": {
						"site": "2",
						"code": "RJ01121859",
						"price": "1584",
						"amount": "2584",
						"time_ymd": "2024-03-20",
						"campaign": "",
						"amount_diff": "1625",
						"value": "2574000"
					},
					"2460389": {
						"site": "2",
						"code": "RJ01121859",
						"price": "1584",
						"amount": "959",
						"time_ymd": "2024-03-19",
						"campaign": "",
						"amount_diff": "0",
						"value": "0"
					}
				},
				"price_sum": "4409856",
				"amount_sum": "2784"
			},
			"30days": {
				"log": {
					"2460391": {
						"site": "2",
						"code": "RJ01121859",
						"price": "1584",
						"amount": "3743",
						"time_ymd": "2024-03-21",
						"campaign": "",
						"amount_diff": "1159",
						"value": "1835856"
					},
					"2460390": {
						"site": "2",
						"code": "RJ01121859",
						"price": "1584",
						"amount": "2584",
						"time_ymd": "2024-03-20",
						"campaign": "",
						"amount_diff": "1625",
						"value": "2574000"
					},
					"2460389": {
						"site": "2",
						"code": "RJ01121859",
						"price": "1584",
						"amount": "959",
						"time_ymd": "2024-03-19",
						"campaign": "",
						"amount_diff": "0",
						"value": "0"
					}
				},
				"price_sum": "4409856",
				"amount_sum": "2784"
			}
		}
	}
]