Tag,Sales,Site,RankChart
巨乳,32490,DLsite,週間ランキング200位以内
フェラ,9787,DLsite,週間ランキング200位以内
潮吹き,9015,DLsite,週間ランキング200位以内
パイズリ,8574,DLsite,週間ランキング200位以内
学生,8059,DLsite,週間ランキング200位以内
パイパン,7738,DLsite,週間ランキング200位以内
陵辱,7613,DLsite,週間ランキング200位以内
学園もの,7316,DLsite,週間ランキング200位以内
ラブラブ・あまあま,7087,DLsite,週間ランキング200位以内
アヘ顔,6988,DLsite,週間ランキング200位以内
おねショタ,6845,DLsite,週間ランキング200位以内
ロリ,6801,DLsite,週間ランキング200位以内
快楽堕ち,6706,DLsite,週間ランキング200位以内
羞恥・恥辱,6452,DLsite,週間ランキング200位以内
妊娠・孕ませ,6077,DLsite,週間ランキング200位以内
人妻・主婦,6026,DLsite,週間ランキング200位以内
アナル,5782,DLsite,週間ランキング200位以内
断面図,5665,DLsite,週間ランキング200位以内
輪姦,5620,DLsite,週間ランキング200位以内
オナニー,5381,DLsite,週間ランキング200位以内
複数プレイ・乱交,5234,DLsite,週間ランキング200位以内
メイド,4978,DLsite,週間ランキング200位以内
処女,4894,DLsite,週間ランキング200位以内
ムチムチ,4841,DLsite,週間ランキング200位以内
幼なじみ,4749,DLsite,週間ランキング200位以内
ギャル,4691,DLsite,週間ランキング200位以内
連続絶頂,4637,DLsite,週間ランキング200位以内
女主人公,4571,DLsite,週間ランキング200位以内
コスプレ,4515,DLsite,週間ランキング200位以内
口内射精,4377,DLsite,週間ランキング200位以内
寝取り・寝取られ,4371,DLsite,週間ランキング200位以内
巨乳,133828,FANZA,週間ランキング200位以内
フェラ,91194,FANZA,週間ランキング200位以内
制服,71315,FANZA,週間ランキング200位以内
処女,65752,FANZA,週間ランキング200位以内
パイズリ,48656,FANZA,週間ランキング200位以内
学園もの,42663,FANZA,週間ランキング200位以内
学生,40321,FANZA,週間ランキング200位以内
ラブラブ・あまあま,31620,FANZA,週間ランキング200位以内
露出,31303,FANZA,週間ランキング200位以内
ギャル,23721,FANZA,週間ランキング200位以内
寝取り・寝取られ,21364,FANZA,週間ランキング200位以内
陵辱,21266,FANZA,週間ランキング200位以内
快楽堕ち,20932,FANZA,週間ランキング200位以内
幼なじみ,19267,FANZA,週間ランキング200位以内
キス,19119,FANZA,週間ランキング200位以内
旧作,18182,FANZA,週間ランキング200位以内
パイパン,17753,FANZA,週間ランキング200位以内
オホ声,15151,FANZA,週間ランキング200位以内
金髪,14987,FANZA,週間ランキング200位以内
人妻・主婦,14605,FANZA,週間ランキング200位以内
純愛,14352,FANZA,週間ランキング200位以内
潮吹き,14204,FANZA,週間ランキング200位以内
貧乳・微乳,14131,FANZA,週間ランキング200位以内
AI生成,13857,FANZA,週間ランキング200位以内
褐色・日焼け,13777,FANZA,週間ランキング200位以内
クンニ,13710,FANZA,週間ランキング200位以内
黒髪,13630,FANZA,週間ランキング200位以内
ハーレム,12793,FANZA,週間ランキング200位以内
妊娠・孕ませ,12027,FANZA,週間ランキング200位以内
アナル,11369,FANZA,週間ランキング200位以内
首輪・鎖・拘束具,11036,FANZA,週間ランキング200位以内
巨乳,49167,DLsite,週間ランキング200位以内
フェラ,22066,DLsite,週間ランキング200位以内
潮吹き,20297,DLsite,週間ランキング200位以内
ラブラブ・あまあま,17275,DLsite,週間ランキング200位以内
パイズリ,16455,DLsite,週間ランキング200位以内
オナニー,15540,DLsite,週間ランキング200位以内
ロリ,15491,DLsite,週間ランキング200位以内
連続絶頂,14624,DLsite,週間ランキング200位以内
パイパン,13344,DLsite,週間ランキング200位以内
メイド,11934,DLsite,週間ランキング200位以内
処女,11694,DLsite,週間ランキング200位以内
コスプレ,11667,DLsite,週間ランキング200位以内
ウェイトレス,10800,DLsite,週間ランキング200位以内
貧乳・微乳,10732,DLsite,週間ランキング200位以内
学生,10472,DLsite,週間ランキング200位以内
アナル,9424,DLsite,週間ランキング200位以内
ギャル,8617,DLsite,週間ランキング200位以内
褐色・日焼け,8237,DLsite,週間ランキング200位以内
学園もの,8179,DLsite,週間ランキング200位以内
おねショタ,8151,DLsite,週間ランキング200位以内
メスガキ,7259,DLsite,週間ランキング200位以内
男性受け,7133,DLsite,週間ランキング200位以内
羞恥・恥辱,6937,DLsite,週間ランキング200位以内
陵辱,6791,DLsite,週間ランキング200位以内
長身,6763,DLsite,週間ランキング200位以内
逆転無し,6763,DLsite,週間ランキング200位以内
乳首責め,6697,DLsite,週間ランキング200位以内
お姉さん,6583,DLsite,週間ランキング200位以内
快楽堕ち,6355,DLsite,週間ランキング200位以内
首輪・鎖・拘束具,6260,DLsite,週間ランキング200位以内
ドット,6221,DLsite,週間ランキング200位以内
巨乳,771511,FANZA,週間ランキング200位以内
フェラ,606646,FANZA,週間ランキング200位以内
制服,313952,FANZA,週間ランキング200位以内
パイズリ,285788,FANZA,週間ランキング200位以内
旧作,258673,FANZA,週間ランキング200位以内
寝取り・寝取られ,236309,FANZA,週間ランキング200位以内
人妻・主婦,224693,FANZA,週間ランキング200位以内
処女,169908,FANZA,週間ランキング200位以内
ラブラブ・あまあま,141758,FANZA,週間ランキング200位以内
ぶっかけ,132235,FANZA,週間ランキング200位以内
ギャル,124192,FANZA,週間ランキング200位以内
学園もの,118501,FANZA,週間ランキング200位以内
ハーレム,110910,FANZA,週間ランキング200位以内
幼なじみ,104563,FANZA,週間ランキング200位以内
お尻・ヒップ,103940,FANZA,週間ランキング200位以内
潮吹き,103799,FANZA,週間ランキング200位以内
クンニ,101980,FANZA,週間ランキング200位以内
キス,101729,FANZA,週間ランキング200位以内
アナル,100380,FANZA,週間ランキング200位以内
熟女,100202,FANZA,週間ランキング200位以内
妊娠・孕ませ,99065,FANZA,週間ランキング200位以内
貧乳・微乳,94859,FANZA,週間ランキング200位以内
学生,94408,FANZA,週間ランキング200位以内
アヘ顔,93688,FANZA,週間ランキング200位以内
着衣,92385,FANZA,週間ランキング200位以内
連続絶頂,91492,FANZA,週間ランキング200位以内
露出,89813,FANZA,週間ランキング200位以内
陵辱,85863,FANZA,週間ランキング200位以内
ビッチ,85213,FANZA,週間ランキング200位以内
パイパン,82850,FANZA,週間ランキング200位以内
快楽堕ち,80703,FANZA,週間ランキング200位以内
ロリ,536414,DLsite,週間ランキング200位以内
パイパン,483310,DLsite,週間ランキング200位以内
複数プレイ・乱交,449380,DLsite,週間ランキング200位以内
ツルペタ,439089,DLsite,週間ランキング200位以内
巨乳,352539,DLsite,週間ランキング200位以内
調教・奴隷,259003,DLsite,週間ランキング200位以内
純愛,225695,DLsite,週間ランキング200位以内
ラブラブ・あまあま,211165,DLsite,週間ランキング200位以内
連続絶頂,189839,DLsite,週間ランキング200位以内
アヘ顔,187037,DLsite,週間ランキング200位以内
フェラ,180321,DLsite,週間ランキング200位以内
断面図,137666,DLsite,週間ランキング200位以内
アナル,137620,DLsite,週間ランキング200位以内
潮吹き,136120,DLsite,週間ランキング200位以内
少女,124544,DLsite,週間ランキング200位以内
妊婦,108694,DLsite,週間ランキング200位以内
触手,104686,DLsite,週間ランキング200位以内
退廃・背徳・インモラル,99024,DLsite,週間ランキング200位以内
叔父・義父,98824,DLsite,週間ランキング200位以内
レイプ,98256,DLsite,週間ランキング200位以内
人体改造,97325,DLsite,週間ランキング200位以内
ボクっ娘,97325,DLsite,週間ランキング200位以内
ギャル,95557,DLsite,週間ランキング200位以内
強制・無理矢理,92229,DLsite,週間ランキング200位以内
学園もの,86179,DLsite,週間ランキング200位以内
制服,85135,DLsite,週間ランキング200位以内
寝取り・寝取られ,69339,DLsite,週間ランキング200位以内
クンニ,68797,DLsite,週間ランキング200位以内
イラマチオ,63925,DLsite,週間ランキング200位以内
パイズリ,63156,DLsite,週間ランキング200位以内
スパンキング,60794,DLsite,週間ランキング200位以内
巨乳,12253148,FANZA,週間ランキング200位以内
フェラ,7683583,FANZA,週間ランキング200位以内
制服,6766826,FANZA,週間ランキング200位以内
パイズリ,4560356,FANZA,週間ランキング200位以内
処女,4542592,FANZA,週間ランキング200位以内
学園もの,3853364,FANZA,週間ランキング200位以内
寝取り・寝取られ,3840457,FANZA,週間ランキング200位以内
露出,3490600,FANZA,週間ランキング200位以内
ラブラブ・あまあま,3485318,FANZA,週間ランキング200位以内
ぶっかけ,2965237,FANZA,週間ランキング200位以内
ハーレム,2879553,FANZA,週間ランキング200位以内
ビッチ,2423971,FANZA,週間ランキング200位以内
複数プレイ・乱交,2066723,FANZA,週間ランキング200位以内
陵辱,1980441,FANZA,週間ランキング200位以内
アナル,1972371,FANZA,週間ランキング200位以内
人妻・主婦,1961928,FANZA,週間ランキング200位以内
断面図,1618917,FANZA,週間ランキング200位以内
ギャル,1477229,FANZA,週間ランキング200位以内
着衣,1403684,FANZA,週間ランキング200位以内
日常・生活,1196200,FANZA,週間ランキング200位以内
パイパン,1196034,FANZA,週間ランキング200位以内
陰毛・腋毛,1160917,FANZA,週間ランキング200位以内
和姦,1117657,FANZA,週間ランキング200位以内
浮気,1071385,FANZA,週間ランキング200位以内
お尻・ヒップ,1055814,FANZA,週間ランキング200位以内
ごっくん・食ザー,1023749,FANZA,週間ランキング200位以内
イラマチオ,985108,FANZA,週間ランキング200位以内
オナニー,974700,FANZA,週間ランキング200位以内
幼なじみ,954135,FANZA,週間ランキング200位以内
ポニーテール,818035,FANZA,週間ランキング200位以内
水着,807084,FANZA,週間ランキング200位以内
巨乳,32490,DLsite,月間ランキング200位以内
フェラ,9787,DLsite,月間ランキング200位以内
潮吹き,9015,DLsite,月間ランキング200位以内
パイズリ,8574,DLsite,月間ランキング200位以内
学生,8059,DLsite,月間ランキング200位以内
パイパン,7738,DLsite,月間ランキング200位以内
陵辱,7613,DLsite,月間ランキング200位以内
学園もの,7316,DLsite,月間ランキング200位以内
ラブラブ・あまあま,7087,DLsite,月間ランキング200位以内
アヘ顔,6988,DLsite,月間ランキング200位以内
おねショタ,6845,DLsite,月間ランキング200位以内
ロリ,6801,DLsite,月間ランキング200位以内
快楽堕ち,6706,DLsite,月間ランキング200位以内
羞恥・恥辱,6452,DLsite,月間ランキング200位以内
妊娠・孕ませ,6077,DLsite,月間ランキング200位以内
人妻・主婦,6026,DLsite,月間ランキング200位以内
アナル,5782,DLsite,月間ランキング200位以内
断面図,5665,DLsite,月間ランキング200位以内
輪姦,5620,DLsite,月間ランキング200位以内
オナニー,5381,DLsite,月間ランキング200位以内
複数プレイ・乱交,5234,DLsite,月間ランキング200位以内
メイド,4978,DLsite,月間ランキング200位以内
処女,4894,DLsite,月間ランキング200位以内
ムチムチ,4841,DLsite,月間ランキング200位以内
幼なじみ,4749,DLsite,月間ランキング200位以内
ギャル,4691,DLsite,月間ランキング200位以内
連続絶頂,4637,DLsite,月間ランキング200位以内
女主人公,4571,DLsite,月間ランキング200位以内
コスプレ,4515,DLsite,月間ランキング200位以内
口内射精,4377,DLsite,月間ランキング200位以内
寝取り・寝取られ,4371,DLsite,月間ランキング200位以内
巨乳,133828,FANZA,月間ランキング200位以内
フェラ,91194,FANZA,月間ランキング200位以内
制服,71315,FANZA,月間ランキング200位以内
処女,65752,FANZA,月間ランキング200位以内
パイズリ,48656,FANZA,月間ランキング200位以内
学園もの,42663,FANZA,月間ランキング200位以内
学生,40321,FANZA,月間ランキング200位以内
ラブラブ・あまあま,31620,FANZA,月間ランキング200位以内
露出,31303,FANZA,月間ランキング200位以内
ギャル,23721,FANZA,月間ランキング200位以内
寝取り・寝取られ,21364,FANZA,月間ランキング200位以内
陵辱,21266,FANZA,月間ランキング200位以内
快楽堕ち,20932,FANZA,月間ランキング200位以内
幼なじみ,19267,FANZA,月間ランキング200位以内
キス,19119,FANZA,月間ランキング200位以内
旧作,18182,FANZA,月間ランキング200位以内
パイパン,17753,FANZA,月間ランキング200位以内
オホ声,15151,FANZA,月間ランキング200位以内
金髪,14987,FANZA,月間ランキング200位以内
人妻・主婦,14605,FANZA,月間ランキング200位以内
純愛,14352,FANZA,月間ランキング200位以内
潮吹き,14204,FANZA,月間ランキング200位以内
貧乳・微乳,14131,FANZA,月間ランキング200位以内
AI生成,13857,FANZA,月間ランキング200位以内
褐色・日焼け,13777,FANZA,月間ランキング200位以内
クンニ,13710,FANZA,月間ランキング200位以内
黒髪,13630,FANZA,月間ランキング200位以内
ハーレム,12793,FANZA,月間ランキング200位以内
妊娠・孕ませ,12027,FANZA,月間ランキング200位以内
アナル,11369,FANZA,月間ランキング200位以内
首輪・鎖・拘束具,11036,FANZA,月間ランキング200位以内
巨乳,49167,DLsite,月間ランキング200位以内
フェラ,22066,DLsite,月間ランキング200位以内
潮吹き,20297,DLsite,月間ランキング200位以内
ラブラブ・あまあま,17275,DLsite,月間ランキング200位以内
パイズリ,16455,DLsite,月間ランキング200位以内
オナニー,15540,DLsite,月間ランキング200位以内
ロリ,15491,DLsite,月間ランキング200位以内
連続絶頂,14624,DLsite,月間ランキング200位以内
パイパン,13344,DLsite,月間ランキング200位以内
メイド,11934,DLsite,月間ランキング200位以内
処女,11694,DLsite,月間ランキング200位以内
コスプレ,11667,DLsite,月間ランキング200位以内
ウェイトレス,10800,DLsite,月間ランキング200位以内
貧乳・微乳,10732,DLsite,月間ランキング200位以内
学生,10472,DLsite,月間ランキング200位以内
アナル,9424,DLsite,月間ランキング200位以内
ギャル,8617,DLsite,月間ランキング200位以内
褐色・日焼け,8237,DLsite,月間ランキング200位以内
学園もの,8179,DLsite,月間ランキング200位以内
おねショタ,8151,DLsite,月間ランキング200位以内
メスガキ,7259,DLsite,月間ランキング200位以内
男性受け,7133,DLsite,月間ランキング200位以内
羞恥・恥辱,6937,DLsite,月間ランキング200位以内
陵辱,6791,DLsite,月間ランキング200位以内
長身,6763,DLsite,月間ランキング200位以内
逆転無し,6763,DLsite,月間ランキング200位以内
乳首責め,6697,DLsite,月間ランキング200位以内
お姉さん,6583,DLsite,月間ランキング200位以内
快楽堕ち,6355,DLsite,月間ランキング200位以内
首輪・鎖・拘束具,6260,DLsite,月間ランキング200位以内
ドット,6221,DLsite,月間ランキング200位以内
巨乳,771511,FANZA,月間ランキング200位以内
フェラ,606646,FANZA,月間ランキング200位以内
制服,313952,FANZA,月間ランキング200位以内
パイズリ,285788,FANZA,月間ランキング200位以内
旧作,258673,FANZA,月間ランキング200位以内
寝取り・寝取られ,236309,FANZA,月間ランキング200位以内
人妻・主婦,224693,FANZA,月間ランキング200位以内
処女,169908,FANZA,月間ランキング200位以内
ラブラブ・あまあま,141758,FANZA,月間ランキング200位以内
ぶっかけ,132235,FANZA,月間ランキング200位以内
ギャル,124192,FANZA,月間ランキング200位以内
学園もの,118501,FANZA,月間ランキング200位以内
ハーレム,110910,FANZA,月間ランキング200位以内
幼なじみ,104563,FANZA,月間ランキング200位以内
お尻・ヒップ,103940,FANZA,月間ランキング200位以内
潮吹き,103799,FANZA,月間ランキング200位以内
クンニ,101980,FANZA,月間ランキング200位以内
キス,101729,FANZA,月間ランキング200位以内
アナル,100380,FANZA,月間ランキング200位以内
熟女,100202,FANZA,月間ランキング200位以内
妊娠・孕ませ,99065,FANZA,月間ランキング200位以内
貧乳・微乳,94859,FANZA,月間ランキング200位以内
学生,94408,FANZA,月間ランキング200位以内
アヘ顔,93688,FANZA,月間ランキング200位以内
着衣,92385,FANZA,月間ランキング200位以内
連続絶頂,91492,FANZA,月間ランキング200位以内
露出,89813,FANZA,月間ランキング200位以内
陵辱,85863,FANZA,月間ランキング200位以内
ビッチ,85213,FANZA,月間ランキング200位以内
パイパン,82850,FANZA,月間ランキング200位以内
快楽堕ち,80703,FANZA,月間ランキング200位以内
ロリ,536414,DLsite,月間ランキング200位以内
パイパン,483310,DLsite,月間ランキング200位以内
複数プレイ・乱交,449380,DLsite,月間ランキング200位以内
ツルペタ,439089,DLsite,月間ランキング200位以内
巨乳,352539,DLsite,月間ランキング200位以内
調教・奴隷,259003,DLsite,月間ランキング200位以内
純愛,225695,DLsite,月間ランキング200位以内
ラブラブ・あまあま,211165,DLsite,月間ランキング200位以内
連続絶頂,189839,DLsite,月間ランキング200位以内
アヘ顔,187037,DLsite,月間ランキング200位以内
フェラ,180321,DLsite,月間ランキング200位以内
断面図,137666,DLsite,月間ランキング200位以内
アナル,137620,DLsite,月間ランキング200位以内
潮吹き,136120,DLsite,月間ランキング200位以内
少女,124544,DLsite,月間ランキング200位以内
妊婦,108694,DLsite,月間ランキング200位以内
触手,104686,DLsite,月間ランキング200位以内
退廃・背徳・インモラル,99024,DLsite,月間ランキング200位以内
叔父・義父,98824,DLsite,月間ランキング200位以内
レイプ,98256,DLsite,月間ランキング200位以内
人体改造,97325,DLsite,月間ランキング200位以内
ボクっ娘,97325,DLsite,月間ランキング200位以内
ギャル,95557,DLsite,月間ランキング200位以内
強制・無理矢理,92229,DLsite,月間ランキング200位以内
学園もの,86179,DLsite,月間ランキング200位以内
制服,85135,DLsite,月間ランキング200位以内
寝取り・寝取られ,69339,DLsite,月間ランキング200位以内
クンニ,68797,DLsite,月間ランキング200位以内
イラマチオ,63925,DLsite,月間ランキング200位以内
パイズリ,63156,DLsite,月間ランキング200位以内
スパンキング,60794,DLsite,月間ランキング200位以内
巨乳,12253148,FANZA,月間ランキング200位以内
フェラ,7683583,FANZA,月間ランキング200位以内
制服,6766826,FANZA,月間ランキング200位以内
パイズリ,4560356,FANZA,月間ランキング200位以内
処女,4542592,FANZA,月間ランキング200位以内
学園もの,3853364,FANZA,月間ランキング200位以内
寝取り・寝取られ,3840457,FANZA,月間ランキング200位以内
露出,3490600,FANZA,月間ランキング200位以内
ラブラブ・あまあま,3485318,FANZA,月間ランキング200位以内
ぶっかけ,2965237,FANZA,月間ランキング200位以内
ハーレム,2879553,FANZA,月間ランキング200位以内
ビッチ,2423971,FANZA,月間ランキング200位以内
複数プレイ・乱交,2066723,FANZA,月間ランキング200位以内
陵辱,1980441,FANZA,月間ランキング200位以内
アナル,1972371,FANZA,月間ランキング200位以内
人妻・主婦,1961928,FANZA,月間ランキング200位以内
断面図,1618917,FANZA,月間ランキング200位以内
ギャル,1477229,FANZA,月間ランキング200位以内
着衣,1403684,FANZA,月間ランキング200位以内
日常・生活,1196200,FANZA,月間ランキング200位以内
パイパン,1196034,FANZA,月間ランキング200位以内
陰毛・腋毛,1160917,FANZA,月間ランキング200位以内
和姦,1117657,FANZA,月間ランキング200位以内
浮気,1071385,FANZA,月間ランキング200位以内
お尻・ヒップ,1055814,FANZA,月間ランキング200位以内
ごっくん・食ザー,1023749,FANZA,月間ランキング200位以内
イラマチオ,985108,FANZA,月間ランキング200位以内
オナニー,974700,FANZA,月間ランキング200位以内
幼なじみ,954135,FANZA,月間ランキング200位以内
ポニーテール,818035,FANZA,月間ランキング200位以内
水着,807084,FANZA,月間ランキング200位以内
巨乳,32490,DLsite,累計ランキング200位以内
フェラ,9787,DLsite,累計ランキング200位以内
潮吹き,9015,DLsite,累計ランキング200位以内
パイズリ,8574,DLsite,累計ランキング200位以内
学生,8059,DLsite,累計ランキング200位以内
パイパン,7738,DLsite,累計ランキング200位以内
陵辱,7613,DLsite,累計ランキング200位以内
学園もの,7316,DLsite,累計ランキング200位以内
ラブラブ・あまあま,7087,DLsite,累計ランキング200位以内
アヘ顔,6988,DLsite,累計ランキング200位以内
おねショタ,6845,DLsite,累計ランキング200位以内
ロリ,6801,DLsite,累計ランキング200位以内
快楽堕ち,6706,DLsite,累計ランキング200位以内
羞恥・恥辱,6452,DLsite,累計ランキング200位以内
妊娠・孕ませ,6077,DLsite,累計ランキング200位以内
人妻・主婦,6026,DLsite,累計ランキング200位以内
アナル,5782,DLsite,累計ランキング200位以内
断面図,5665,DLsite,累計ランキング200位以内
輪姦,5620,DLsite,累計ランキング200位以内
オナニー,5381,DLsite,累計ランキング200位以内
複数プレイ・乱交,5234,DLsite,累計ランキング200位以内
メイド,4978,DLsite,累計ランキング200位以内
処女,4894,DLsite,累計ランキング200位以内
ムチムチ,4841,DLsite,累計ランキング200位以内
幼なじみ,4749,DLsite,累計ランキング200位以内
ギャル,4691,DLsite,累計ランキング200位以内
連続絶頂,4637,DLsite,累計ランキング200位以内
女主人公,4571,DLsite,累計ランキング200位以内
コスプレ,4515,DLsite,累計ランキング200位以内
口内射精,4377,DLsite,累計ランキング200位以内
寝取り・寝取られ,4371,DLsite,累計ランキング200位以内
巨乳,133828,FANZA,累計ランキング200位以内
フェラ,91194,FANZA,累計ランキング200位以内
制服,71315,FANZA,累計ランキング200位以内
処女,65752,FANZA,累計ランキング200位以内
パイズリ,48656,FANZA,累計ランキング200位以内
学園もの,42663,FANZA,累計ランキング200位以内
学生,40321,FANZA,累計ランキング200位以内
ラブラブ・あまあま,31620,FANZA,累計ランキング200位以内
露出,31303,FANZA,累計ランキング200位以内
ギャル,23721,FANZA,累計ランキング200位以内
寝取り・寝取られ,21364,FANZA,累計ランキング200位以内
陵辱,21266,FANZA,累計ランキング200位以内
快楽堕ち,20932,FANZA,累計ランキング200位以内
幼なじみ,19267,FANZA,累計ランキング200位以内
キス,19119,FANZA,累計ランキング200位以内
旧作,18182,FANZA,累計ランキング200位以内
パイパン,17753,FANZA,累計ランキング200位以内
オホ声,15151,FANZA,累計ランキング200位以内
金髪,14987,FANZA,累計ランキング200位以内
人妻・主婦,14605,FANZA,累計ランキング200位以内
純愛,14352,FANZA,累計ランキング200位以内
潮吹き,14204,FANZA,累計ランキング200位以内
貧乳・微乳,14131,FANZA,累計ランキング200位以内
AI生成,13857,FANZA,累計ランキング200位以内
褐色・日焼け,13777,FANZA,累計ランキング200位以内
クンニ,13710,FANZA,累計ランキング200位以内
黒髪,13630,FANZA,累計ランキング200位以内
ハーレム,12793,FANZA,累計ランキング200位以内
妊娠・孕ませ,12027,FANZA,累計ランキング200位以内
アナル,11369,FANZA,累計ランキング200位以内
首輪・鎖・拘束具,11036,FANZA,累計ランキング200位以内
巨乳,49167,DLsite,累計ランキング200位以内
フェラ,22066,DLsite,累計ランキング200位以内
潮吹き,20297,DLsite,累計ランキング200位以内
ラブラブ・あまあま,17275,DLsite,累計ランキング200位以内
パイズリ,16455,DLsite,累計ランキング200位以内
オナニー,15540,DLsite,累計ランキング200位以内
ロリ,15491,DLsite,累計ランキング200位以内
連続絶頂,14624,DLsite,累計ランキング200位以内
パイパン,13344,DLsite,累計ランキング200位以内
メイド,11934,DLsite,累計ランキング200位以内
処女,11694,DLsite,累計ランキング200位以内
コスプレ,11667,DLsite,累計ランキング200位以内
ウェイトレス,10800,DLsite,累計ランキング200位以内
貧乳・微乳,10732,DLsite,累計ランキング200位以内
学生,10472,DLsite,累計ランキング200位以内
アナル,9424,DLsite,累計ランキング200位以内
ギャル,8617,DLsite,累計ランキング200位以内
褐色・日焼け,8237,DLsite,累計ランキング200位以内
学園もの,8179,DLsite,累計ランキング200位以内
おねショタ,8151,DLsite,累計ランキング200位以内
メスガキ,7259,DLsite,累計ランキング200位以内
男性受け,7133,DLsite,累計ランキング200位以内
羞恥・恥辱,6937,DLsite,累計ランキング200位以内
陵辱,6791,DLsite,累計ランキング200位以内
長身,6763,DLsite,累計ランキング200位以内
逆転無し,6763,DLsite,累計ランキング200位以内
乳首責め,6697,DLsite,累計ランキング200位以内
お姉さん,6583,DLsite,累計ランキング200位以内
快楽堕ち,6355,DLsite,累計ランキング200位以内
首輪・鎖・拘束具,6260,DLsite,累計ランキング200位以内
ドット,6221,DLsite,累計ランキング200位以内
巨乳,771511,FANZA,累計ランキング200位以内
フェラ,606646,FANZA,累計ランキング200位以内
制服,313952,FANZA,累計ランキング200位以内
パイズリ,285788,FANZA,累計ランキング200位以内
旧作,258673,FANZA,累計ランキング200位以内
寝取り・寝取られ,236309,FANZA,累計ランキング200位以内
人妻・主婦,224693,FANZA,累計ランキング200位以内
処女,169908,FANZA,累計ランキング200位以内
ラブラブ・あまあま,141758,FANZA,累計ランキング200位以内
ぶっかけ,132235,FANZA,累計ランキング200位以内
ギャル,124192,FANZA,累計ランキング200位以内
学園もの,118501,FANZA,累計ランキング200位以内
ハーレム,110910,FANZA,累計ランキング200位以内
幼なじみ,104563,FANZA,累計ランキング200位以内
お尻・ヒップ,103940,FANZA,累計ランキング200位以内
潮吹き,103799,FANZA,累計ランキング200位以内
クンニ,101980,FANZA,累計ランキング200位以内
キス,101729,FANZA,累計ランキング200位以内
アナル,100380,FANZA,累計ランキング200位以内
熟女,100202,FANZA,累計ランキング200位以内
妊娠・孕ませ,99065,FANZA,累計ランキング200位以内
貧乳・微乳,94859,FANZA,累計ランキング200位以内
学生,94408,FANZA,累計ランキング200位以内
アヘ顔,93688,FANZA,累計ランキング200位以内
着衣,92385,FANZA,累計ランキング200位以内
連続絶頂,91492,FANZA,累計ランキング200位以内
露出,89813,FANZA,累計ランキング200位以内
陵辱,85863,FANZA,累計ランキング200位以内
ビッチ,85213,FANZA,累計ランキング200位以内
パイパン,82850,FANZA,累計ランキング200位以内
快楽堕ち,80703,FANZA,累計ランキング200位以内
ロリ,536414,DLsite,累計ランキング200位以内
パイパン,483310,DLsite,累計ランキング200位以内
複数プレイ・乱交,449380,DLsite,累計ランキング200位以内
ツルペタ,439089,DLsite,累計ランキング200位以内
巨乳,352539,DLsite,累計ランキング200位以内
調教・奴隷,259003,DLsite,累計ランキング200位以内
純愛,225695,DLsite,累計ランキング200位以内
ラブラブ・あまあま,211165,DLsite,累計ランキング200位以内
連続絶頂,189839,DLsite,累計ランキング200位以内
アヘ顔,187037,DLsite,累計ランキング200位以内
フェラ,180321,DLsite,累計ランキング200位以内
断面図,137666,DLsite,累計ランキング200位以内
アナル,137620,DLsite,累計ランキング200位以内
潮吹き,136120,DLsite,累計ランキング200位以内
少女,124544,DLsite,累計ランキング200位以内
妊婦,108694,DLsite,累計ランキング200位以内
触手,104686,DLsite,累計ランキング200位以内
退廃・背徳・インモラル,99024,DLsite,累計ランキング200位以内
叔父・義父,98824,DLsite,累計ランキング200位以内
レイプ,98256,DLsite,累計ランキング200位以内
人体改造,97325,DLsite,累計ランキング200位以内
ボクっ娘,97325,DLsite,累計ランキング200位以内
ギャル,95557,DLsite,累計ランキング200位以内
強制・無理矢理,92229,DLsite,累計ランキング200位以内
学園もの,86179,DLsite,累計ランキング200位以内
制服,85135,DLsite,累計ランキング200位以内
寝取り・寝取られ,69339,DLsite,累計ランキング200位以内
クンニ,68797,DLsite,累計ランキング200位以内
イラマチオ,63925,DLsite,累計ランキング200位以内
パイズリ,63156,DLsite,累計ランキング200位以内
スパンキング,60794,DLsite,累計ランキング200位以内
巨乳,12253148,FANZA,累計ランキング200位以内
フェラ,7683583,FANZA,累計ランキング200位以内
制服,6766826,FANZA,累計ランキング200位以内
パイズリ,4560356,FANZA,累計ランキング200位以内
処女,4542592,FANZA,累計ランキング200位以内
学園もの,3853364,FANZA,累計ランキング200位以内
寝取り・寝取られ,3840457,FANZA,累計ランキング200位以内
露出,3490600,FANZA,累計ランキング200位以内
ラブラブ・あまあま,3485318,FANZA,累計ランキング200位以内
ぶっかけ,2965237,FANZA,累計ランキング200位以内
ハーレム,2879553,FANZA,累計ランキング200位以内
ビッチ,2423971,FANZA,累計ランキング200位以内
複数プレイ・乱交,2066723,FANZA,累計ランキング200位以内
陵辱,1980441,FANZA,累計ランキング200位以内
アナル,1972371,FANZA,累計ランキング200位以内
人妻・主婦,1961928,FANZA,累計ランキング200位以内
断面図,1618917,FANZA,累計ランキング200位以内
ギャル,1477229,FANZA,累計ランキング200位以内
着衣,1403684,FANZA,累計ランキング200位以内
日常・生活,1196200,FANZA,累計ランキング200位以内
パイパン,1196034,FANZA,累計ランキング200位以内
陰毛・腋毛,1160917,FANZA,累計ランキング200位以内
和姦,1117657,FANZA,累計ランキング200位以内
浮気,1071385,FANZA,累計ランキング200位以内
お尻・ヒップ,1055814,FANZA,累計ランキング200位以内
ごっくん・食ザー,1023749,FANZA,累計ランキング200位以内
イラマチオ,985108,FANZA,累計ランキング200位以内
オナニー,974700,FANZA,累計ランキング200位以内
幼なじみ,954135,FANZA,累計ランキング200位以内
ポニーテール,818035,FANZA,累計ランキング200位以内
水着,807084,FANZA,累計ランキング200位以内
