[
	{"ID": "440044", "main_genre": "マンガ", "title": "思春期と本気セックス", "circle": "ひまわり花火", "price_data": {"time": ["2024-02-29", "2024-02-29"], "dlsite": ["None", "231"], "fanza": ["231", "231"]}, "main_tags": ["ごっくん・食ザー", "口内射精", "フェラ", "純愛", "スクール水着", "幼なじみ", "イチオシ", "和姦", "後背位・バック", "学生", "処女", "正常位"], "historyData": {"beforelast": "", "lastmonth": {"log": {"2460370": {"site": "2", "code": "RJ01160268", "price": "231", "amount": "363", "time_ymd": "2024-02-29", "campaign": "", "amount_diff": "0", "value": "0"}}, "price_sum": "0", "amount_sum": "0"}, "thismonth": {"log": {"2460392": {"site": "1", "code": "d_351870", "price": "231", "amount": "25280", "time_ymd": "2024-03-22", "campaign": "", "amount_diff": "791", "value": "182721"}, "2460391": {"site": "1", "code": "d_351870", "price": "231", "amount": "24815", "time_ymd": "2024-03-21", "campaign": "", "amount_diff": "856", "value": "197736"}, "2460390": {"site": "1", "code": "d_351870", "price": "231", "amount": "24239", "time_ymd": "2024-03-20", "campaign": "", "amount_diff": "551", "value": "127281"}, "2460389": {"site": "1", "code": "d_351870", "price": "231", "amount": "23885", "time_ymd": "2024-03-19", "campaign": "", "amount_diff": "488", "value": "112728"}, "2460388": {"site": "1", "code": "d_351870", "price": "231", "amount": "23583", "time_ymd": "2024-03-18", "campaign": "", "amount_diff": "823", "value": "190113"}, "2460387": {"site": "1", "code": "d_351870", "price": "231", "amount": "23000", "time_ymd": "2024-03-17", "campaign": "", "amount_diff": "1013", "value": "234003"}, "2460386": {"site": "1", "code": "d_351870", "price": "231", "amount": "22248", "time_ymd": "2024-03-16", "campaign": "", "amount_diff": "823", "value": "190113"}, "2460385": {"site": "1", "code": "d_351870", "price": "231", "amount": "21716", "time_ymd": "2024-03-15", "campaign": "", "amount_diff": "784", "value": "181104"}, "2460384": {"site": "1", "code": "d_351870", "price": "231", "amount": "21222", "time_ymd": "2024-03-14", "campaign": "", "amount_diff": "842", "value": "194502"}, "2460383": {"site": "1", "code": "d_351870", "price": "231", "amount": "20611", "time_ymd": "2024-03-13", "campaign": "", "amount_diff": "963", "value": "222453"}, "2460382": {"site": "1", "code": "d_351870", "price": "231", "amount": "19908", "time_ymd": "2024-03-12", "campaign": "", "amount_diff": "1276", "value": "294756"}, "2460381": {"site": "1", "code": "d_351870", "price": "231", "amount": "18955", "time_ymd": "2024-03-11", "campaign": "", "amount_diff": "2103", "value": "485793"}, "2460380": {"site": "1", "code": "d_351870", "price": "231", "amount": "17214", "time_ymd": "2024-03-10", "campaign": "", "amount_diff": "1908", "value": "440748"}, "2460379": {"site": "1", "code": "d_351870", "price": "231", "amount": "15752", "time_ymd": "2024-03-09", "campaign": "", "amount_diff": "1873", "value": "432663"}, "2460378": {"site": "1", "code": "d_351870", "price": "231", "amount": "14408", "time_ymd": "2024-03-08", "campaign": "", "amount_diff": "1457", "value": "336567"}, "2460377": {"site": "1", "code": "d_351870", "price": "231", "amount": "13339", "time_ymd": "2024-03-07", "campaign": "", "amount_diff": "1471", "value": "339801"}, "2460376": {"site": "1", "code": "d_351870", "price": "231", "amount": "12239", "time_ymd": "2024-03-06", "campaign": "", "amount_diff": "1663", "value": "384153"}, "2460375": {"site": "1", "code": "d_351870", "price": "231", "amount": "11011", "time_ymd": "2024-03-05", "campaign": "", "amount_diff": "2015", "value": "465465"}, "2460374": {"site": "1", "code": "d_351870", "price": "231", "amount": "9516", "time_ymd": "2024-03-04", "campaign": "", "amount_diff": "2976", "value": "687456"}, "2460373": {"site": "1", "code": "d_351870", "price": "231", "amount": "7295", "time_ymd": "2024-03-03", "campaign": "", "amount_diff": "3067", "value": "708477"}, "2460372": {"site": "1", "code": "d_351870", "price": "231", "amount": "5322", "time_ymd": "2024-03-02", "campaign": "", "amount_diff": "3694", "value": "853314"}, "2460371": {"site": "1", "code": "d_351870", "price": "231", "amount": "3145", "time_ymd": "2024-03-01", "campaign": "", "amount_diff": "3481", "value": "804111"}}, "price_sum": "8066058", "amount_sum": "34918"}, "30days": {"log": {"2460392": {"site": "1", "code": "d_351870", "price": "231", "amount": "25280", "time_ymd": "2024-03-22", "campaign": "", "amount_diff": "791", "value": "182721"}, "2460391": {"site": "1", "code": "d_351870", "price": "231", "amount": "24815", "time_ymd": "2024-03-21", "campaign": "", "amount_diff": "856", "value": "197736"}, "2460390": {"site": "1", "code": "d_351870", "price": "231", "amount": "24239", "time_ymd": "2024-03-20", "campaign": "", "amount_diff": "551", "value": "127281"}, "2460389": {"site": "1", "code": "d_351870", "price": "231", "amount": "23885", "time_ymd": "2024-03-19", "campaign": "", "amount_diff": "488", "value": "112728"}, "2460388": {"site": "1", "code": "d_351870", "price": "231", "amount": "23583", "time_ymd": "2024-03-18", "campaign": "", "amount_diff": "823", "value": "190113"}, "2460387": {"site": "1", "code": "d_351870", "price": "231", "amount": "23000", "time_ymd": "2024-03-17", "campaign": "", "amount_diff": "1013", "value": "234003"}, "2460386": {"site": "1", "code": "d_351870", "price": "231", "amount": "22248", "time_ymd": "2024-03-16", "campaign": "", "amount_diff": "823", "value": "190113"}, "2460385": {"site": "1", "code": "d_351870", "price": "231", "amount": "21716", "time_ymd": "2024-03-15", "campaign": "", "amount_diff": "784", "value": "181104"}, "2460384": {"site": "1", "code": "d_351870", "price": "231", "amount": "21222", "time_ymd": "2024-03-14", "campaign": "", "amount_diff": "842", "value": "194502"}, "2460383": {"site": "1", "code": "d_351870", "price": "231", "amount": "20611", "time_ymd": "2024-03-13", "campaign": "", "amount_diff": "963", "value": "222453"}, "2460382": {"site": "1", "code": "d_351870", "price": "231", "amount": "19908", "time_ymd": "2024-03-12", "campaign": "", "amount_diff": "1276", "value": "294756"}, "2460381": {"site": "1", "code": "d_351870", "price": "231", "amount": "18955", "time_ymd": "2024-03-11", "campaign": "", "amount_diff": "2103", "value": "485793"}, "2460380": {"site": "1", "code": "d_351870", "price": "231", "amount": "17214", "time_ymd": "2024-03-10", "campaign": "", "amount_diff": "1908", "value": "440748"}, "2460379": {"site": "1", "code": "d_351870", "price": "231", "amount": "15752", "time_ymd": "2024-03-09", "campaign": "", "amount_diff": "1873", "value": "432663"}, "2460378": {"site": "1", "code": "d_351870", "price": "231", "amount": "14408", "time_ymd": "2024-03-08", "campaign": "", "amount_diff": "1457", "value": "336567"}, "2460377": {"site": "1", "code": "d_351870", "price": "231", "amount": "13339", "time_ymd": "2024-03-07", "campaign": "", "amount_diff": "1471", "value": "339801"}, "2460376": {"site": "1", "code": "d_351870", "price": "231", "amount": "12239", "time_ymd": "2024-03-06", "campaign": "", "amount_diff": "1663", "value": "384153"}, "2460375": {"site": "1", "code": "d_351870", "price": "231", "amount": "11011", "time_ymd": "2024-03-05", "campaign": "", "amount_diff": "2015", "value": "465465"}, "2460374": {"site": "1", "code": "d_351870", "price": "231", "amount": "9516", "time_ymd": "2024-03-04", "campaign": "", "amount_diff": "2976", "value": "687456"}, "2460373": {"site": "1", "code": "d_351870", "price": "231", "amount": "7295", "time_ymd": "2024-03-03", "campaign": "", "amount_diff": "3067", "value": "708477"}, "2460372": {"site": "1", "code": "d_351870", "price": "231", "amount": "5322", "time_ymd": "2024-03-02", "campaign": "", "amount_diff": "3694", "value": "853314"}, "2460371": {"site": "1", "code": "d_351870", "price": "231", "amount": "3145", "time_ymd": "2024-03-01", "campaign": "", "amount_diff": "3481", "value": "804111"}, "2460370": {"site": "1", "code": "d_351870", "price": "231", "amount": "931", "time_ymd": "2024-02-29", "campaign": "", "amount_diff": "0", "value": "0"}}, "price_sum": "8066058", "amount_sum": "34918"}}}
]