[
    {
        "ID": "440380",
        "main_genre": "マンガ",
        "title": "初めて同士の生ハメセックスで連続絶頂する話",
        "circle": "ももみ屋",
        "price_data": {
            "time": [
                "2024-03-01",
                "2024-03-08",
                "2024-03-11",
                "2024-03-14"
            ],
            "dlsite": [
                "None",
                "None",
                "None",
                "None"
            ],
            "fanza": [
                "990",
                "495",
                "990",
                "99"
            ]
        },
        "main_tags": [
            "和姦",
            "騎乗位",
            "AI生成",
            "NEWサークル",
            "委員長",
            "恋人同士",
            "処女",
            "フェラ",
            "パイズリ",
            "ラブラブ・あまあま",
            "純愛"
        ],
        "historyData": {
            "beforelast": "",
            "lastmonth": {
                "log": {
                    "2460370": {
                        "site": "",
                        "code": "",
                        "price": "99",
                        "amount": "0",
                        "time_ymd": "2024-02-29",
                        "campaign": "",
                        "amount_diff": "0",
                        "value": "0"
                    }
                },
                "price_sum": "0",
                "amount_sum": "0"
            },
            "thismonth": {
                "log": {
                    "2460392": {
                        "site": "1",
                        "code": "d_353591",
                        "price": "99",
                        "amount": "8080",
                        "time_ymd": "2024-03-22",
                        "campaign": "",
                        "amount_diff": "750",
                        "value": "74250"
                    },
                    "2460391": {
                        "site": "1",
                        "code": "d_353591",
                        "price": "99",
                        "amount": "7330",
                        "time_ymd": "2024-03-21",
                        "campaign": "",
                        "amount_diff": "1192",
                        "value": "118008"
                    },
                    "2460390": {
                        "site": "1",
                        "code": "d_353591",
                        "price": "99",
                        "amount": "6138",
                        "time_ymd": "2024-03-20",
                        "campaign": "",
                        "amount_diff": "1178",
                        "value": "116622"
                    },
                    "2460389": {
                        "site": "1",
                        "code": "d_353591",
                        "price": "99",
                        "amount": "4960",
                        "time_ymd": "2024-03-19",
                        "campaign": "",
                        "amount_diff": "945",
                        "value": "93555"
                    },
                    "2460388": {
                        "site": "1",
                        "code": "d_353591",
                        "price": "99",
                        "amount": "4015",
                        "time_ymd": "2024-03-18",
                        "campaign": "",
                        "amount_diff": "1316",
                        "value": "130284"
                    },
                    "2460387": {
                        "site": "1",
                        "code": "d_353591",
                        "price": "99",
                        "amount": "2699",
                        "time_ymd": "2024-03-17",
                        "campaign": "",
                        "amount_diff": "1039",
                        "value": "102861"
                    },
                    "2460386": {
                        "site": "1",
                        "code": "d_353591",
                        "price": "99",
                        "amount": "1660",
                        "time_ymd": "2024-03-16",
                        "campaign": "",
                        "amount_diff": "582",
                        "value": "57618"
                    },
                    "2460385": {
                        "site": "1",
                        "code": "d_353591",
                        "price": "99",
                        "amount": "1078",
                        "time_ymd": "2024-03-15",
                        "campaign": "",
                        "amount_diff": "233",
                        "value": "23067"
                    },
                    "2460384": {
                        "site": "1",
                        "code": "d_353591",
                        "price": "99",
                        "amount": "845",
                        "time_ymd": "2024-03-14",
                        "campaign": "",
                        "amount_diff": "99",
                        "value": "9801"
                    },
                    "2460383": {
                        "site": "1",
                        "code": "d_353591",
                        "price": "990",
                        "amount": "746",
                        "time_ymd": "2024-03-13",
                        "campaign": "",
                        "amount_diff": "7",
                        "value": "6930"
                    },
                    "2460382": {
                        "site": "1",
                        "code": "d_353591",
                        "price": "990",
                        "amount": "739",
                        "time_ymd": "2024-03-12",
                        "campaign": "",
                        "amount_diff": "12",
                        "value": "11880"
                    },
                    "2460381": {
                        "site": "1",
                        "code": "d_353591",
                        "price": "990",
                        "amount": "727",
                        "time_ymd": "2024-03-11",
                        "campaign": "",
                        "amount_diff": "111",
                        "value": "54945"
                    },
                    "2460380": {
                        "site": "1",
                        "code": "d_353591",
                        "price": "495",
                        "amount": "616",
                        "time_ymd": "2024-03-10",
                        "campaign": "",
                        "amount_diff": "84",
                        "value": "41580"
                    },
                    "2460379": {
                        "site": "1",
                        "code": "d_353591",
                        "price": "495",
                        "amount": "532",
                        "time_ymd": "2024-03-09",
                        "campaign": "",
                        "amount_diff": "76",
                        "value": "37620"
                    },
                    "2460378": {
                        "site": "1",
                        "code": "d_353591",
                        "price": "495",
                        "amount": "456",
                        "time_ymd": "2024-03-08",
                        "campaign": "",
                        "amount_diff": "10",
                        "value": "4950"
                    },
                    "2460377": {
                        "site": "1",
                        "code": "d_353591",
                        "price": "990",
                        "amount": "446",
                        "time_ymd": "2024-03-07",
                        "campaign": "",
                        "amount_diff": "14",
                        "value": "13860"
                    },
                    "2460376": {
                        "site": "1",
                        "code": "d_353591",
                        "price": "990",
                        "amount": "432",
                        "time_ymd": "2024-03-06",
                        "campaign": "",
                        "amount_diff": "16",
                        "value": "15840"
                    },
                    "2460375": {
                        "site": "1",
                        "code": "d_353591",
                        "price": "990",
                        "amount": "416",
                        "time_ymd": "2024-03-05",
                        "campaign": "",
                        "amount_diff": "9",
                        "value": "8910"
                    },
                    "2460374": {
                        "site": "1",
                        "code": "d_353591",
                        "price": "990",
                        "amount": "407",
                        "time_ymd": "2024-03-04",
                        "campaign": "",
                        "amount_diff": "27",
                        "value": "26730"
                    },
                    "2460373": {
                        "site": "1",
                        "code": "d_353591",
                        "price": "990",
                        "amount": "380",
                        "time_ymd": "2024-03-03",
                        "campaign": "",
                        "amount_diff": "32",
                        "value": "31680"
                    },
                    "2460372": {
                        "site": "1",
                        "code": "d_353591",
                        "price": "990",
                        "amount": "348",
                        "time_ymd": "2024-03-02",
                        "campaign": "",
                        "amount_diff": "80",
                        "value": "79200"
                    },
                    "2460371": {
                        "site": "1",
                        "code": "d_353591",
                        "price": "990",
                        "amount": "268",
                        "time_ymd": "2024-03-01",
                        "campaign": "",
                        "amount_diff": "268",
                        "value": "26532"
                    }
                },
                "price_sum": "1086723",
                "amount_sum": "8080"
            },
            "30days": {
                "log": {
                    "2460392": {
                        "site": "1",
                        "code": "d_353591",
                        "price": "99",
                        "amount": "8080",
                        "time_ymd": "2024-03-22",
                        "campaign": "",
                        "amount_diff": "750",
                        "value": "74250"
                    },
                    "2460391": {
                        "site": "1",
                        "code": "d_353591",
                        "price": "99",
                        "amount": "7330",
                        "time_ymd": "2024-03-21",
                        "campaign": "",
                        "amount_diff": "1192",
                        "value": "118008"
                    },
                    "2460390": {
                        "site": "1",
                        "code": "d_353591",
                        "price": "99",
                        "amount": "6138",
                        "time_ymd": "2024-03-20",
                        "campaign": "",
                        "amount_diff": "1178",
                        "value": "116622"
                    },
                    "2460389": {
                        "site": "1",
                        "code": "d_353591",
                        "price": "99",
                        "amount": "4960",
                        "time_ymd": "2024-03-19",
                        "campaign": "",
                        "amount_diff": "945",
                        "value": "93555"
                    },
                    "2460388": {
                        "site": "1",
                        "code": "d_353591",
                        "price": "99",
                        "amount": "4015",
                        "time_ymd": "2024-03-18",
                        "campaign": "",
                        "amount_diff": "1316",
                        "value": "130284"
                    },
                    "2460387": {
                        "site": "1",
                        "code": "d_353591",
                        "price": "99",
                        "amount": "2699",
                        "time_ymd": "2024-03-17",
                        "campaign": "",
                        "amount_diff": "1039",
                        "value": "102861"
                    },
                    "2460386": {
                        "site": "1",
                        "code": "d_353591",
                        "price": "99",
                        "amount": "1660",
                        "time_ymd": "2024-03-16",
                        "campaign": "",
                        "amount_diff": "582",
                        "value": "57618"
                    },
                    "2460385": {
                        "site": "1",
                        "code": "d_353591",
                        "price": "99",
                        "amount": "1078",
                        "time_ymd": "2024-03-15",
                        "campaign": "",
                        "amount_diff": "233",
                        "value": "23067"
                    },
                    "2460384": {
                        "site": "1",
                        "code": "d_353591",
                        "price": "99",
                        "amount": "845",
                        "time_ymd": "2024-03-14",
                        "campaign": "",
                        "amount_diff": "99",
                        "value": "9801"
                    },
                    "2460383": {
                        "site": "1",
                        "code": "d_353591",
                        "price": "990",
                        "amount": "746",
                        "time_ymd": "2024-03-13",
                        "campaign": "",
                        "amount_diff": "7",
                        "value": "6930"
                    },
                    "2460382": {
                        "site": "1",
                        "code": "d_353591",
                        "price": "990",
                        "amount": "739",
                        "time_ymd": "2024-03-12",
                        "campaign": "",
                        "amount_diff": "12",
                        "value": "11880"
                    },
                    "2460381": {
                        "site": "1",
                        "code": "d_353591",
                        "price": "990",
                        "amount": "727",
                        "time_ymd": "2024-03-11",
                        "campaign": "",
                        "amount_diff": "111",
                        "value": "54945"
                    },
                    "2460380": {
                        "site": "1",
                        "code": "d_353591",
                        "price": "495",
                        "amount": "616",
                        "time_ymd": "2024-03-10",
                        "campaign": "",
                        "amount_diff": "84",
                        "value": "41580"
                    },
                    "2460379": {
                        "site": "1",
                        "code": "d_353591",
                        "price": "495",
                        "amount": "532",
                        "time_ymd": "2024-03-09",
                        "campaign": "",
                        "amount_diff": "76",
                        "value": "37620"
                    },
                    "2460378": {
                        "site": "1",
                        "code": "d_353591",
                        "price": "495",
                        "amount": "456",
                        "time_ymd": "2024-03-08",
                        "campaign": "",
                        "amount_diff": "10",
                        "value": "4950"
                    },
                    "2460377": {
                        "site": "1",
                        "code": "d_353591",
                        "price": "990",
                        "amount": "446",
                        "time_ymd": "2024-03-07",
                        "campaign": "",
                        "amount_diff": "14",
                        "value": "13860"
                    },
                    "2460376": {
                        "site": "1",
                        "code": "d_353591",
                        "price": "990",
                        "amount": "432",
                        "time_ymd": "2024-03-06",
                        "campaign": "",
                        "amount_diff": "16",
                        "value": "15840"
                    },
                    "2460375": {
                        "site": "1",
                        "code": "d_353591",
                        "price": "990",
                        "amount": "416",
                        "time_ymd": "2024-03-05",
                        "campaign": "",
                        "amount_diff": "9",
                        "value": "8910"
                    },
                    "2460374": {
                        "site": "1",
                        "code": "d_353591",
                        "price": "990",
                        "amount": "407",
                        "time_ymd": "2024-03-04",
                        "campaign": "",
                        "amount_diff": "27",
                        "value": "26730"
                    },
                    "2460373": {
                        "site": "1",
                        "code": "d_353591",
                        "price": "990",
                        "amount": "380",
                        "time_ymd": "2024-03-03",
                        "campaign": "",
                        "amount_diff": "32",
                        "value": "31680"
                    },
                    "2460372": {
                        "site": "1",
                        "code": "d_353591",
                        "price": "990",
                        "amount": "348",
                        "time_ymd": "2024-03-02",
                        "campaign": "",
                        "amount_diff": "80",
                        "value": "79200"
                    },
                    "2460371": {
                        "site": "1",
                        "code": "d_353591",
                        "price": "990",
                        "amount": "268",
                        "time_ymd": "2024-03-01",
                        "campaign": "",
                        "amount_diff": "268",
                        "value": "26532"
                    },
                    "2460370": {
                        "site": "",
                        "code": "",
                        "price": "99",
                        "amount": "0",
                        "time_ymd": "2024-02-29",
                        "campaign": "",
                        "amount_diff": "0",
                        "value": "0"
                    }
                },
                "price_sum": "1086723",
                "amount_sum": "8080"
            }
        }
    }
]